borough_name,borough_code,population_2015,area_sq_km,population_density_2013,median_household_income_2012_13,median_house_price_2014,ptal_score_2014,pct_bame_2011,pct_not_born_uk_2011,pct_level4_qualifications_2011,crime_rate_2014_15,pct_area_open_space_2014
Barking and Dagenham,E09000002,205450.0,37.8,5173.7,34080.0,215000.0,3.0,41.7,30.9,20.9,82.9,33.7
Barnet,E09000003,393200.0,86.7,4265.1,54530.0,400000.0,3.0,35.9,38.9,40.3,61.6,37.7
Bexley,E09000004,237000.0,64.3,3679.4,44430.0,250000.0,2.6,18.1,14.1,21.8,50.0,38.9
Brent,E09000005,326350.0,43.2,7406.4,39630.0,385000.0,3.7,63.7,55.1,33.3,77.1,22.3
Bromley,E09000006,320100.0,150.1,2113.8,55140.0,335000.0,2.8,15.7,14.5,33.1,61.2,57.4
Camden,E09000007,230300.0,21.8,10482.1,67990.0,675000.0,5.7,33.7,42.5,50.5,124.7,24.6
City of London,E09000001,8100.0,3.2,2538.1,63620.0,765000.0,7.9,21.4,36.7,68.4,656.4,18.6
Croydon,E09000008,381150.0,86.5,4313.0,45120.0,265000.0,3.2,44.9,29.6,31.8,75.7,32.2
Ealing,E09000009,349350.0,55.5,6209.0,45690.0,388000.0,3.3,51.0,48.2,37.0,75.6,31.5
Enfield,E09000010,322150.0,82.2,3922.4,41250.0,285000.0,3.0,39.0,35.1,28.7,70.6,48.5
Greenwich,E09000011,281550.0,50.4,5209.8,44370.0,317000.0,3.4,37.5,31.0,33.2,74.4,39.3
Hackney,E09000012,262700.0,19.1,13471.7,42690.0,433000.0,4.9,45.3,39.1,41.8,101.1,28.3
Hammersmith and Fulham,E09000013,189850.0,17.2,10551.6,62910.0,661000.0,4.7,31.9,42.8,49.6,106.2,21.1
Haringey,E09000014,269100.0,29.6,8888.3,45860.0,405000.0,4.3,39.5,44.6,40.8,83.8,27.8
Harrow,E09000015,247500.0,50.5,4872.3,49060.0,370000.0,2.9,57.8,44.8,36.8,50.3,32.1
Havering,E09000016,250350.0,114.5,2119.2,44430.0,250000.0,2.5,12.3,10.3,19.4,62.5,59.0
Hillingdon,E09000017,289500.0,115.7,2485.2,44950.0,307000.0,2.4,39.4,30.0,28.0,67.2,45.0
Hounslow,E09000018,263600.0,56.6,4670.3,44490.0,319950.0,3.0,48.6,43.3,34.6,75.0,37.5
Islington,E09000019,220800.0,14.9,14532.5,54950.0,530000.0,5.7,31.8,35.4,48.1,114.1,13.7
Kensington and Chelsea,E09000020,161700.0,12.4,12573.2,116350.0,1195000.0,5.8,29.4,51.6,52.7,115.5,19.8
Kingston upon Thames,E09000021,167200.0,37.2,4466.0,56920.0,385000.0,2.9,25.5,28.3,41.4,55.7,36.9
Lambeth,E09000022,320450.0,27.3,11516.9,48610.0,420000.0,5.0,42.9,38.9,46.6,104.8,20.7
Lewisham,E09000023,293050.0,35.3,8097.4,43360.0,315000.0,4.1,46.5,33.7,38.0,78.0,22.1
Merton,E09000024,206200.0,37.6,5460.3,57160.0,385000.0,3.4,35.1,37.8,41.1,57.1,35.9
Newham,E09000025,338000.0,38.7,8383.8,34260.0,250000.0,3.9,71.0,53.7,30.1,91.0,29.9
Redbridge,E09000026,292450.0,56.4,5135.3,45380.0,301500.0,3.0,57.5,36.9,33.9,69.5,40.3
Richmond upon Thames,E09000027,191600.0,58.8,3256.3,76610.0,535000.0,3.1,14.0,24.3,53.0,55.0,57.0
Southwark,E09000028,308650.0,29.9,9976.9,48000.0,420000.0,4.9,45.8,39.4,43.1,104.5,22.6
Sutton,E09000029,196400.0,43.9,4480.3,49170.0,285000.0,2.9,21.4,19.9,30.1,53.1,33.9
Tower Hamlets,E09000030,284300.0,21.6,12564.7,45720.0,383000.0,5.0,54.8,43.1,41.0,99.5,26.9
Waltham Forest,E09000031,271450.0,38.8,6897.0,39460.0,320000.0,3.6,47.8,38.6,30.0,83.1,34.8
Wandsworth,E09000032,322750.0,35.2,8853.9,66220.0,532500.0,4.3,28.6,35.4,53.6,71.6,31.6
Westminster,E09000033,230550.0,22.0,10285.8,80760.0,875000.0,6.5,38.3,53.3,50.3,238.3,28.6
