borough_name,borough_code,venues,venue_types,venues_with_websites,website_share
Westminster,E09000033,653,24,578,0.885
Camden,E09000007,469,26,369,0.787
Hackney,E09000012,403,26,346,0.859
Southwark,E09000028,307,25,275,0.896
Tower Hamlets,E09000030,295,26,266,0.902
Lambeth,E09000022,252,26,215,0.853
Islington,E09000019,228,23,202,0.886
Lewisham,E09000023,148,26,127,0.858
Haringey,E09000014,141,24,121,0.858
Kensington and Chelsea,E09000020,139,25,123,0.885
City of London,E09000001,111,19,100,0.901
Greenwich,E09000011,109,24,85,0.78
Wandsworth,E09000032,98,22,81,0.827
Hammersmith and Fulham,E09000013,94,25,81,0.862
Ealing,E09000009,93,22,73,0.785
Newham,E09000025,87,22,71,0.816
Waltham Forest,E09000031,84,21,72,0.857
Brent,E09000005,78,23,65,0.833
Richmond upon Thames,E09000027,68,19,48,0.706
Hounslow,E09000018,65,19,51,0.785
Croydon,E09000008,58,19,39,0.672
Merton,E09000024,58,22,45,0.776
Barnet,E09000003,55,18,35,0.636
Hillingdon,E09000017,49,13,30,0.612
Enfield,E09000010,48,17,28,0.583
Bromley,E09000006,47,14,27,0.574
Bexley,E09000004,36,13,23,0.639
Barking and Dagenham,E09000002,31,15,24,0.774
Harrow,E09000015,31,14,21,0.677
Redbridge,E09000026,29,11,14,0.483
Kingston upon Thames,E09000021,24,10,15,0.625
Sutton,E09000029,24,10,15,0.625
Havering,E09000016,22,9,9,0.409
