borough_name,borough_code,venues,venue_types,venues_with_websites,website_share,population_2015,area_sq_km,population_density_2013,median_household_income_2012_13,median_house_price_2014,ptal_score_2014,pct_bame_2011,pct_not_born_uk_2011,pct_level4_qualifications_2011,crime_rate_2014_15,pct_area_open_space_2014,venues_per_10k_residents,venues_per_sq_km,venue_types_per_100k_residents
Westminster,E09000033,653,24,578,0.885,230550.0,22.0,10285.8,80760.0,875000.0,6.5,38.3,53.3,50.3,238.3,28.6,28.32,29.68,10.41
Camden,E09000007,469,26,369,0.787,230300.0,21.8,10482.1,67990.0,675000.0,5.7,33.7,42.5,50.5,124.7,24.6,20.36,21.51,11.29
Hackney,E09000012,403,26,346,0.859,262700.0,19.1,13471.7,42690.0,433000.0,4.9,45.3,39.1,41.8,101.1,28.3,15.34,21.1,9.9
Southwark,E09000028,307,25,275,0.896,308650.0,29.9,9976.9,48000.0,420000.0,4.9,45.8,39.4,43.1,104.5,22.6,9.95,10.27,8.1
Tower Hamlets,E09000030,295,26,266,0.902,284300.0,21.6,12564.7,45720.0,383000.0,5.0,54.8,43.1,41.0,99.5,26.9,10.38,13.66,9.15
Lambeth,E09000022,252,26,215,0.853,320450.0,27.3,11516.9,48610.0,420000.0,5.0,42.9,38.9,46.6,104.8,20.7,7.86,9.23,8.11
Islington,E09000019,228,23,202,0.886,220800.0,14.9,14532.5,54950.0,530000.0,5.7,31.8,35.4,48.1,114.1,13.7,10.33,15.3,10.42
Lewisham,E09000023,148,26,127,0.858,293050.0,35.3,8097.4,43360.0,315000.0,4.1,46.5,33.7,38.0,78.0,22.1,5.05,4.19,8.87
Haringey,E09000014,141,24,121,0.858,269100.0,29.6,8888.3,45860.0,405000.0,4.3,39.5,44.6,40.8,83.8,27.8,5.24,4.76,8.92
Kensington and Chelsea,E09000020,139,25,123,0.885,161700.0,12.4,12573.2,116350.0,1195000.0,5.8,29.4,51.6,52.7,115.5,19.8,8.6,11.21,15.46
City of London,E09000001,111,19,100,0.901,8100.0,3.2,2538.1,63620.0,765000.0,7.9,21.4,36.7,68.4,656.4,18.6,137.04,34.69,234.57
Greenwich,E09000011,109,24,85,0.78,281550.0,50.4,5209.8,44370.0,317000.0,3.4,37.5,31.0,33.2,74.4,39.3,3.87,2.16,8.52
Wandsworth,E09000032,98,22,81,0.827,322750.0,35.2,8853.9,66220.0,532500.0,4.3,28.6,35.4,53.6,71.6,31.6,3.04,2.78,6.82
Hammersmith and Fulham,E09000013,94,25,81,0.862,189850.0,17.2,10551.6,62910.0,661000.0,4.7,31.9,42.8,49.6,106.2,21.1,4.95,5.47,13.17
Ealing,E09000009,93,22,73,0.785,349350.0,55.5,6209.0,45690.0,388000.0,3.3,51.0,48.2,37.0,75.6,31.5,2.66,1.68,6.3
Newham,E09000025,87,22,71,0.816,338000.0,38.7,8383.8,34260.0,250000.0,3.9,71.0,53.7,30.1,91.0,29.9,2.57,2.25,6.51
Waltham Forest,E09000031,84,21,72,0.857,271450.0,38.8,6897.0,39460.0,320000.0,3.6,47.8,38.6,30.0,83.1,34.8,3.09,2.16,7.74
Brent,E09000005,78,23,65,0.833,326350.0,43.2,7406.4,39630.0,385000.0,3.7,63.7,55.1,33.3,77.1,22.3,2.39,1.81,7.05
Richmond upon Thames,E09000027,68,19,48,0.706,191600.0,58.8,3256.3,76610.0,535000.0,3.1,14.0,24.3,53.0,55.0,57.0,3.55,1.16,9.92
Hounslow,E09000018,65,19,51,0.785,263600.0,56.6,4670.3,44490.0,319950.0,3.0,48.6,43.3,34.6,75.0,37.5,2.47,1.15,7.21
Croydon,E09000008,58,19,39,0.672,381150.0,86.5,4313.0,45120.0,265000.0,3.2,44.9,29.6,31.8,75.7,32.2,1.52,0.67,4.98
Merton,E09000024,58,22,45,0.776,206200.0,37.6,5460.3,57160.0,385000.0,3.4,35.1,37.8,41.1,57.1,35.9,2.81,1.54,10.67
Barnet,E09000003,55,18,35,0.636,393200.0,86.7,4265.1,54530.0,400000.0,3.0,35.9,38.9,40.3,61.6,37.7,1.4,0.63,4.58
Hillingdon,E09000017,49,13,30,0.612,289500.0,115.7,2485.2,44950.0,307000.0,2.4,39.4,30.0,28.0,67.2,45.0,1.69,0.42,4.49
Enfield,E09000010,48,17,28,0.583,322150.0,82.2,3922.4,41250.0,285000.0,3.0,39.0,35.1,28.7,70.6,48.5,1.49,0.58,5.28
Bromley,E09000006,47,14,27,0.574,320100.0,150.1,2113.8,55140.0,335000.0,2.8,15.7,14.5,33.1,61.2,57.4,1.47,0.31,4.37
Bexley,E09000004,36,13,23,0.639,237000.0,64.3,3679.4,44430.0,250000.0,2.6,18.1,14.1,21.8,50.0,38.9,1.52,0.56,5.49
Barking and Dagenham,E09000002,31,15,24,0.774,205450.0,37.8,5173.7,34080.0,215000.0,3.0,41.7,30.9,20.9,82.9,33.7,1.51,0.82,7.3
Harrow,E09000015,31,14,21,0.677,247500.0,50.5,4872.3,49060.0,370000.0,2.9,57.8,44.8,36.8,50.3,32.1,1.25,0.61,5.66
Redbridge,E09000026,29,11,14,0.483,292450.0,56.4,5135.3,45380.0,301500.0,3.0,57.5,36.9,33.9,69.5,40.3,0.99,0.51,3.76
Kingston upon Thames,E09000021,24,10,15,0.625,167200.0,37.2,4466.0,56920.0,385000.0,2.9,25.5,28.3,41.4,55.7,36.9,1.44,0.65,5.98
Sutton,E09000029,24,10,15,0.625,196400.0,43.9,4480.3,49170.0,285000.0,2.9,21.4,19.9,30.1,53.1,33.9,1.22,0.55,5.09
Havering,E09000016,22,9,9,0.409,250350.0,114.5,2119.2,44430.0,250000.0,2.5,12.3,10.3,19.4,62.5,59.0,0.88,0.19,3.59
